FWHM_l (meV),FWHM_g (meV),RP,3P1V Ratio
110.0,10.0,40076,0.604488953833522
110.0,11.0,36432,0.6054144216938769
110.0,12.0,33396,0.6064254388673447
110.0,13.0,30827,0.6075213715623812
110.0,14.0,28625,0.6087015591201894
110.0,15.0,26717,0.6099653193737913
110.0,16.0,25047,0.6113119539120018
110.0,17.0,23574,0.6127407531910053
110.0,18.0,22264,0.6142510014453294
110.0,19.0,21092,0.6158419813589796
110.0,20.0,20038,0.6175129784659972
110.0,21.0,19083,0.6192632852575541
110.0,22.0,18216,0.6210922049797792
110.0,23.0,17424,0.6229990551126832
110.0,24.0,16698,0.6249831705258392
110.0,25.0,16030,0.6270439063108535
110.0,26.0,15413,0.6291806402941856
110.0,27.0,14842,0.6313927752365908
110.0,28.0,14312,0.6336797407274687
110.0,29.0,13819,0.6360409947837287
110.0,30.0,13358,0.6384760251635958
110.0,31.0,12927,0.6409843504060815
110.0,32.0,12523,0.6435655206067691
110.0,33.0,12144,0.6462191179401882
110.0,34.0,11787,0.6489447569384051
110.0,35.0,11450,0.6517420845346997
110.0,36.0,11132,0.6546107798802505
110.0,37.0,10831,0.6575505539408684
110.0,38.0,10546,0.6605611488798959
110.0,39.0,10275,0.6636423372324658
110.0,40.0,10019,0.6667939208756832
110.0,41.0,9774,0.6700157297986429
110.0,42.0,9541,0.6733076206757979
110.0,43.0,9320,0.6766694752470681
110.0,44.0,9108,0.6801011985081383
110.0,45.0,8905,0.6836027167146957
110.0,46.0,8712,0.6871739752049759
110.0,47.0,8526,0.6908149360458494
110.0,48.0,8349,0.6945255755087337
110.0,49.0,8178,0.6983058813829331
110.0,50.0,8015,0.7021558501355296
110.0,51.0,7858,0.7060754839285387
110.0,52.0,7706,0.7100647875057752
110.0,53.0,7561,0.7141237649636776
110.0,54.0,7421,0.7182524164220392
110.0,55.0,7286,0.7224507346122998
110.0,56.0,7156,0.7267187014025921
110.0,57.0,7030,0.7310562842801559
110.0,58.0,6909,0.7354634328128059
110.0,59.0,6792,0.7399400751120949
110.0,60.0,6679,0.74448611432144
110.0,61.0,6569,0.7491014251526574
110.0,62.0,6463,0.7537858504944798
110.0,63.0,6361,0.7585391981161149
110.0,64.0,6261,0.7633612374883786
110.0,65.0,6165,0.7682516967438235
110.0,66.0,6072,0.7732102597961191
110.0,67.0,5981,0.7782365636374127
110.0,68.0,5893,0.7833301958306105
110.0,69.0,5808,0.7884906922116911
110.0,70.0,5725,0.7937175348150298
110.0,71.0,5644,0.7990101500326192
110.0,72.0,5566,0.804367907015779
110.0,73.0,5489,0.8097901163257487
110.0,74.0,5415,0.8152760288372982
110.0,75.0,5343,0.8208248348973008
110.0,76.0,5273,0.826435663738071
110.0,77.0,5204,0.8321075831433046
110.0,78.0,5137,0.8378395993625048
110.0,79.0,5072,0.8436306572680841
110.0,80.0,5009,0.849479640747692
110.0,81.0,4947,0.8553853733229474
110.0,82.0,4887,0.8613466189844552
110.0,83.0,4828,0.8673620832319736
110.0,84.0,4770,0.8734304143076524
110.0,85.0,4714,0.8795502046096096
110.0,86.0,4660,0.8857199922725327
110.0,87.0,4606,0.8919382629016093
110.0,88.0,4554,0.8982034514459286
110.0,89.0,4502,0.9045139441973264
110.0,90.0,4452,0.9108680809007951
110.0,91.0,4403,0.9172641569626727
110.0,92.0,4356,0.923700425743193
110.0,93.0,4309,0.9301751009202727
110.0,94.0,4263,0.9366863589119324
110.0,95.0,4218,0.9432323413452768
110.0,96.0,4174,0.9498111575604872
110.0,97.0,4131,0.9564208871389981
110.0,98.0,4089,0.9630595824456291
110.0,99.0,4048,0.9697252711751663
110.0,100.0,4007,0.9764159588945814
110.0,101.0,3967,0.9831296315727857
110.0,102.0,3929,0.9898642580905216
110.0,103.0,3890,0.9966177927237213
110.0,104.0,3853,1.0033881775942655
110.0,105.0,3816,1.0101733450828374
110.0,106.0,3780,1.016971220199114
110.0,107.0,3745,1.0237797229051875
110.0,108.0,3710,1.0305967703886727
110.0,109.0,3676,1.0374202792824672
110.0,110.0,3643,1.0442481678286808
110.0,111.0,3610,1.0510783579846588
110.0,112.0,3578,1.057908777469481
110.0,113.0,3546,1.0647373617497
110.0,114.0,3515,1.071562055963425
110.0,115.0,3484,1.0783808167821547
110.0,116.0,3454,1.0851916142100946
110.0,117.0,3425,1.0919924333208486
110.0,118.0,3396,1.0987812759316815
110.0,119.0,3367,1.105556162215638
110.0,120.0,3339,1.112315132252037
110.0,121.0,3312,1.1190562475159191
110.0,122.0,3284,1.1257775923071551
110.0,123.0,3258,1.1324772751200183
110.0,124.0,3231,1.1391534299540325
110.0,125.0,3206,1.1458042175670062
110.0,126.0,3180,1.152427826671134
110.0,127.0,3155,1.159022475073116
110.0,128.0,3130,1.1655864107591731
110.0,129.0,3106,1.1721179129259163
110.0,130.0,3082,1.178615292957913
110.0,131.0,3059,1.1850768953528623
110.0,132.0,3036,1.191501098595199
110.0,133.0,3013,1.1978863159789204
110.0,134.0,2990,1.2042309963804596
110.0,135.0,2968,1.2105336249822924
110.0,136.0,2946,1.2167927239480263
110.0,137.0,2925,1.2230068530496299
110.0,138.0,2904,1.2291746102474397
110.0,139.0,2883,1.2352946322235827
110.0,140.0,2862,1.2413655948693916
110.0,141.0,2842,1.2473862137273715
110.0,142.0,2822,1.2533552443882965
110.0,143.0,2802,1.2592714828439513
110.0,144.0,2783,1.2651337657960544
110.0,145.0,2763,1.2709409709218824
110.0,146.0,2744,1.2766920170971285
110.0,147.0,2726,1.2823858645765005
110.0,148.0,2707,1.288021515132614
110.0,149.0,2689,1.2935980121537078
111.0,10.0,40076,0.6120758169805365
111.0,11.0,36432,0.6129975469656125
111.0,12.0,33396,0.6140045352150376
111.0,13.0,30827,0.6150961627446304
111.0,14.0,28625,0.6162717839078734
111.0,15.0,26717,0.6175307315714352
111.0,16.0,25047,0.6188723222055258
111.0,17.0,23574,0.6202958608335613
111.0,18.0,22264,0.6218006457941941
111.0,19.0,21092,0.6233859732771814
111.0,20.0,20038,0.625051141602654
111.0,21.0,19083,0.6267954552207963
111.0,22.0,18216,0.6286182284157421
111.0,23.0,17424,0.6305187887034003
111.0,24.0,16698,0.6324964799180719
111.0,25.0,16030,0.634550664986938
111.0,26.0,15413,0.6366807283949943
111.0,27.0,14842,0.6388860783456672
111.0,28.0,14312,0.6411661486243859
111.0,29.0,13819,0.643520400173732
111.0,30.0,13358,0.645948322389685
111.0,31.0,12927,0.6484494341488364
111.0,32.0,12523,0.6510232845764896
111.0,33.0,12144,0.65366945356525
111.0,34.0,11787,0.6563875520532169
111.0,35.0,11450,0.6591772220701914
111.0,36.0,11132,0.6620381365595011
111.0,37.0,10831,0.6649699989822732
111.0,38.0,10546,0.6679725427101497
111.0,39.0,10275,0.6710455302116124
111.0,40.0,10019,0.67418875203658
111.0,41.0,9774,0.677402025603306
111.0,42.0,9541,0.6806851937913619
111.0,43.0,9320,0.6840381233443452
111.0,44.0,9108,0.6874607030861069
111.0,45.0,8905,0.6909528419546112
111.0,46.0,8712,0.6945144668581599
111.0,47.0,8526,0.6981455203596058
111.0,48.0,8349,0.7018459581951659
111.0,49.0,8178,0.7056157466357839
111.0,50.0,8015,0.7094548597004086
111.0,51.0,7858,0.7133632762321173
111.0,52.0,7706,0.7173409768496433
111.0,53.0,7561,0.721387940788594
111.0,54.0,7421,0.725504142648246
111.0,55.0,7286,0.7296895490613995
111.0,56.0,7156,0.7339441153062408
111.0,57.0,7030,0.7382677818804312
111.0,58.0,6909,0.7426604710586766
111.0,59.0,6792,0.7471220834558473
111.0,60.0,6679,0.7516524946182959
111.0,61.0,6569,0.7562515516661121
111.0,62.0,6463,0.7609190700091534
111.0,63.0,6361,0.7656548301590975
111.0,64.0,6261,0.7704585746592485
111.0,65.0,6165,0.775330005152675
111.0,66.0,6072,0.7802687796081393
111.0,67.0,5981,0.7852745097217032
111.0,68.0,5893,0.7903467585102252
111.0,69.0,5808,0.7954850381110892
111.0,70.0,5725,0.8006888078004929
111.0,71.0,5644,0.8059574722405657
111.0,72.0,5566,0.8112903799633583
111.0,73.0,5489,0.8166868220976278
111.0,74.0,5415,0.8221460313421728
111.0,75.0,5343,0.8276671811873316
111.0,76.0,5273,0.8332493853842284
111.0,77.0,5204,0.8388916976594349
111.0,78.0,5137,0.8445931116708655
111.0,79.0,5072,0.8503525611990663
111.0,80.0,5009,0.8561689205665336
111.0,81.0,4947,0.862041005276335
111.0,82.0,4887,0.8679675728601128
111.0,83.0,4828,0.8739473239245446
111.0,84.0,4770,0.8799789033844743
111.0,85.0,4714,0.8860609018702774
111.0,86.0,4660,0.8921918572964929
111.0,87.0,4606,0.898370256578392
111.0,88.0,4554,0.9045945374830229
111.0,89.0,4502,0.9108630906010887
111.0,90.0,4452,0.9171742614261906
111.0,91.0,4403,0.9235263525280782
111.0,92.0,4356,0.9299176258068811
111.0,93.0,4309,0.9363463048156022
111.0,94.0,4263,0.9428105771386794
111.0,95.0,4218,0.9493085968149125
111.0,96.0,4174,0.9558384867935744
111.0,97.0,4131,0.9623983414132408
111.0,98.0,4089,0.9689862288934247
111.0,99.0,4048,0.9756001938298419
111.0,100.0,4007,0.9822382596847581
111.0,101.0,3967,0.9888984312646117
111.0,102.0,3929,0.9955786971777346
111.0,103.0,3890,1.0022770322657328
111.0,104.0,3853,1.0089914000026656
111.0,105.0,3816,1.0157197548568806
111.0,106.0,3780,1.022460044610916
111.0,107.0,3745,1.0292102126354818
111.0,108.0,3710,1.0359682001141133
111.0,109.0,3676,1.0427319482155424
111.0,110.0,3643,1.0494994002113789
111.0,111.0,3610,1.0562685035371124
111.0,112.0,3578,1.063037211794832
111.0,113.0,3546,1.0698034866964896
111.0,114.0,3515,1.076565299946812
111.0,115.0,3484,1.0833206350652906
111.0,116.0,3454,1.0900674891469702
111.0,117.0,3425,1.0968038745619328
111.0,118.0,3396,1.1035278205936394
111.0,119.0,3367,1.110237375016409
111.0,120.0,3339,1.1169306056125063
111.0,121.0,3312,1.1236056016294071
111.0,122.0,3284,1.13026047517789
111.0,123.0,3258,1.136893362571731
111.0,124.0,3231,1.1435024256097772
111.0,125.0,3206,1.1500858528012492
111.0,126.0,3180,1.156641860535146
111.0,127.0,3155,1.1631686941946169
111.0,128.0,3130,1.1696646292171862
111.0,129.0,3106,1.1761279721017124
111.0,130.0,3082,1.182557061362911
111.0,131.0,3059,1.188950268434311
111.0,132.0,3036,1.195305998520412
111.0,133.0,3013,1.2016226913988652
111.0,134.0,2990,1.2078988221733915
111.0,135.0,2968,1.214132901978166
111.0,136.0,2946,1.2203234786343662
111.0,137.0,2925,1.2264691372595202
111.0,138.0,2904,1.232568500830296
111.0,139.0,2883,1.238620230699329
111.0,140.0,2862,1.2446230270666694
111.0,141.0,2842,1.250575629406401
111.0,142.0,2822,1.2564768168489893
111.0,143.0,2802,1.2623254085198823
111.0,144.0,2783,1.268120263834887
111.0,145.0,2763,1.2738602827528493
111.0,146.0,2744,1.2795444059861618
111.0,147.0,2726,1.2851716151696064
111.0,148.0,2707,1.2907409329881037
111.0,149.0,2689,1.2962514232638722
112.0,10.0,40076,0.6196409814647772
112.0,11.0,36432,0.6205589037515884
112.0,12.0,33396,0.621561784427047
112.0,13.0,30827,0.6226490188457229
112.0,14.0,28625,0.6238199759078852
112.0,15.0,26717,0.6250740030575833
112.0,16.0,25047,0.626410431204727
112.0,17.0,23574,0.6278285795174232
112.0,18.0,22264,0.6293277600388458
112.0,19.0,21092,0.6309072820908779
112.0,20.0,20038,0.6325664564344029
112.0,21.0,19083,0.6343045991632464
112.0,22.0,18216,0.6361210353152243
112.0,23.0,17424,0.6380151021894648
112.0,24.0,16698,0.6399861523641195
112.0,25.0,16030,0.6420335564127019
112.0,26.0,15413,0.6441567053206882
112.0,27.0,14842,0.6463550126066773
112.0,28.0,14312,0.64862791615441
112.0,29.0,13819,0.6509748797633736
112.0,30.0,13358,0.653395394426627
112.0,31.0,12927,0.6558889793449243
112.0,32.0,12523,0.65845518268636
112.0,33.0,12144,0.6610935821005035
112.0,34.0,11787,0.6638037849956273
112.0,35.0,11450,0.666585428587023
112.0,36.0,11132,0.6694381797237006
112.0,37.0,10831,0.6723617345000705
112.0,38.0,10546,0.6753558176585154
112.0,39.0,10275,0.6784201817879698
112.0,40.0,10019,0.6815546063232515
112.0,41.0,9774,0.6847588963493166
112.0,42.0,9541,0.6880328812144081
112.0,43.0,9320,0.6913764129560322
112.0,44.0,9108,0.6947893645438319
112.0,45.0,8905,0.6982716279438245
112.0,46.0,8712,0.7018231120090734
112.0,47.0,8526,0.7054437402027417
112.0,48.0,8349,0.7091334481604934
112.0,49.0,8178,0.712892181100439
112.0,50.0,8015,0.7167198910902545
112.0,51.0,7858,0.7206165341825528
112.0,52.0,7706,0.7245820674311724
112.0,53.0,7561,0.7286164458026689
112.0,54.0,7421,0.7327196189988278
112.0,55.0,7286,0.73689152820748
112.0,56.0,7156,0.7411321028003091
112.0,57.0,7030,0.745441256997494
112.0,58.0,6909,0.7498188865199658
112.0,59.0,6792,0.7542648652508241
112.0,60.0,6679,0.7587790419279192
112.0,61.0,6569,0.763361236889673
112.0,62.0,6463,0.7680112388962296
112.0,63.0,6361,0.7727288020474234
112.0,64.0,6261,0.7775136428185043
112.0,65.0,6165,0.7823654372333936
112.0,66.0,6072,0.7872838181941441
112.0,67.0,5981,0.7922683729837138
112.0,68.0,5893,0.7973186409575281
112.0,69.0,5808,0.8024341114374816
112.0,70.0,5725,0.8076142218200513
112.0,71.0,5644,0.8128583559082162
112.0,72.0,5566,0.8181658424747102
112.0,73.0,5489,0.8235359540620848
112.0,74.0,5415,0.8289679060229724
112.0,75.0,5343,0.8344608558018578
112.0,76.0,5273,0.8400139024577468
112.0,77.0,5204,0.8456260864252457
112.0,78.0,5137,0.8512963895097932
112.0,79.0,5072,0.8570237351112301
112.0,80.0,5009,0.862806988668384
112.0,81.0,4947,0.8686449583160748
112.0,82.0,4887,0.8745363957448096
112.0,83.0,4828,0.880479997252451
112.0,84.0,4770,0.8864744049763581
112.0,85.0,4714,0.8925182082938572
112.0,86.0,4660,0.8986099453784163
112.0,87.0,4606,0.9047481048985568
112.0,88.0,4554,0.9109311278464008
112.0,89.0,4502,0.9171574094826243
112.0,90.0,4452,0.9234253013847282
112.0,91.0,4403,0.9297331135856797
112.0,92.0,4356,0.9360791167902736
112.0,93.0,4309,0.9424615446569284
112.0,94.0,4263,0.9488785961330602
112.0,95.0,4218,0.9553284378327261
112.0,96.0,4174,0.9618092064457151
112.0,97.0,4131,0.9683190111679474
112.0,98.0,4089,0.9748559361435929
112.0,99.0,4048,0.9814180429100388
112.0,100.0,4007,0.9880033728374328
112.0,101.0,3967,0.994609949555254
112.0,102.0,3929,1.001235781358967
112.0,103.0,3890,1.0078788635905458
112.0,104.0,3853,1.0145371809871793
112.0,105.0,3816,1.0212087099932
112.0,106.0,3780,1.027891421030795
112.0,107.0,3745,1.034583280725645
112.0,108.0,3710,1.041282254084167
112.0,109.0,3676,1.0479863066195487
112.0,110.0,3643,1.0546934064241953
112.0,111.0,3610,1.0614015261866832
112.0,112.0,3578,1.068108645151659
112.0,113.0,3546,1.074812751021537
112.0,114.0,3515,1.081511841799129
112.0,115.0,3484,1.0882039275706308
112.0,116.0,3454,1.0948870322287014
112.0,117.0,3425,1.1015591951355048
112.0,118.0,3396,1.1082184727258826
112.0,119.0,3367,1.1148629400508911
112.0,120.0,3339,1.121490692262169
112.0,121.0,3312,1.1280998460376515
112.0,122.0,3284,1.134688540949264
112.0,123.0,3258,1.1412549407733277
112.0,124.0,3231,1.1477972347444076
112.0,125.0,3206,1.1543136387534219
112.0,126.0,3180,1.160802396490851
112.0,127.0,3155,1.1672617805358598
112.0,128.0,3130,1.1736900933921897
112.0,129.0,3106,1.1800856684716563
112.0,130.0,3082,1.1864468710260705
112.0,131.0,3059,1.192772099028371
112.0,132.0,3036,1.199059784003773
112.0,133.0,3013,1.205308391811656
112.0,134.0,2990,1.2115164233789304
112.0,135.0,2968,1.2176824153855688
112.0,136.0,2946,1.223804940902972
112.0,137.0,2925,1.2298826099857956
112.0,138.0,2904,1.2359140702178686
112.0,139.0,2883,1.2418980072127692
112.0,140.0,2862,1.247833145069649
112.0,141.0,2842,1.2537182467848333
112.0,142.0,2822,1.2595521146197568
112.0,143.0,2802,1.265333590425752
112.0,144.0,2783,1.2710615559261964
112.0,145.0,2763,1.276734932956579
112.0,146.0,2744,1.2823526836629713
112.0,147.0,2726,1.2879138106594323
112.0,148.0,2707,1.2934173571449243
112.0,149.0,2689,1.2988624069802293
113.0,10.0,40076,0.6271833147092677
113.0,11.0,36432,0.6280973609248387
113.0,12.0,33396,0.6290960570378503
113.0,13.0,30827,0.6301788122870489
113.0,14.0,28625,0.631345009667338
113.0,15.0,26717,0.6325940107563253
113.0,16.0,25047,0.6339251604733543
113.0,17.0,23574,0.635337791718993
113.0,18.0,22264,0.6368312298504916
113.0,19.0,21092,0.638404796956222
113.0,20.0,20038,0.6400578158993486
113.0,21.0,19083,0.6417896141077507
113.0,22.0,18216,0.643599527093396
113.0,23.0,17424,0.6454869016898424
113.0,24.0,16698,0.6474510990013218
113.0,25.0,16030,0.6494914970608613
113.0,26.0,15413,0.6516074931982337
113.0,27.0,14842,0.6537985061211317
113.0,28.0,14312,0.6560639777149889
113.0,29.0,13819,0.6584033745683014
113.0,30.0,13358,0.6608161892312703
113.0,31.0,12927,0.6633019412160969
113.0,32.0,12523,0.6658601777474716
113.0,33.0,12144,0.6684904742716458
113.0,34.0,11787,0.6711924347321849
113.0,35.0,11450,0.6739656916200127
113.0,36.0,11132,0.676809905804731
113.0,37.0,10831,0.6797247661536081
113.0,38.0,10546,0.6827099889440311
113.0,39.0,10275,0.6857653170745244
113.0,40.0,10019,0.6888905190791146
113.0,41.0,9774,0.6920853879493543
113.0,42.0,9541,0.6953497397681695
113.0,43.0,9320,0.6986834121596851
113.0,44.0,9108,0.7020862625594115
113.0,45.0,8905,0.7055581663095312
113.0,46.0,8712,0.7090990145846836
113.0,47.0,8526,0.7127087121545191
113.0,48.0,8349,0.7163871749902487
113.0,49.0,8178,0.720134327723658
113.0,50.0,8015,0.723950100968408
113.0,51.0,7858,0.7278344285148519
113.0,52.0,7706,0.7317872444110886
113.0,53.0,7561,0.7358084799445319
113.0,54.0,7421,0.7398980605397032
113.0,55.0,7286,0.7440559025893442
113.0,56.0,7156,0.748281910237244
113.0,57.0,7030,0.7525759721322491
113.0,58.0,6909,0.7569379581737801
113.0,59.0,6792,0.7613677162698441
113.0,60.0,6679,0.7658650691289518
113.0,61.0,6569,0.7704298111073438
113.0,62.0,6463,0.7750617051328953
113.0,63.0,6361,0.7797604797264468
113.0,64.0,6261,0.7845258261407315
113.0,65.0,6165,0.7893573956359066
113.0,66.0,6072,0.7942547969095975
113.0,67.0,5981,0.7992175936978199
113.0,68.0,5893,0.8042453025615496
113.0,69.0,5808,0.8093373908719275
113.0,70.0,5725,0.8144932750051522
113.0,71.0,5644,0.8197123187562066
113.0,72.0,5566,0.8249938319784474
113.0,73.0,5489,0.8303370694541311
113.0,74.0,5415,0.8357412299989001
113.0,75.0,5343,0.8412054558012874
113.0,76.0,5273,0.84672883199641
113.0,77.0,5204,0.8523103864712411
113.0,78.0,5137,0.8579490898971621
113.0,79.0,5072,0.8636438559839654
113.0,80.0,5009,0.8693935419480695
113.0,81.0,4947,0.8751969491864832
113.0,82.0,4887,0.881052824146954
113.0,83.0,4828,0.8869598593838244
113.0,84.0,4770,0.8929166947883501
113.0,85.0,4714,0.8989219189816495
113.0,86.0,4660,0.9049740708579729
113.0,87.0,4606,0.9110716412656823
113.0,88.0,4554,0.9172130748132146
113.0,89.0,4502,0.923396771787162
113.0,90.0,4452,0.9296210901697826
113.0,91.0,4403,0.9358843477433678
113.0,92.0,4356,0.9421848242692218
113.0,93.0,4309,0.9485207637293176
113.0,94.0,4263,0.9548903766191736
113.0,95.0,4218,0.961291842280987
113.0,96.0,4174,0.9677233112665379
113.0,97.0,4131,0.974182907720072
113.0,98.0,4089,0.980668731771869
113.0,99.0,4048,0.9871788619339154
113.0,100.0,4007,0.9937113574896839
113.0,101.0,3967,1.0002642608707206
113.0,102.0,3929,1.0068356000133152
113.0,103.0,3890,1.0134233906892525
113.0,104.0,3853,1.020025638805137
113.0,105.0,3816,1.0266403426655069
113.0,106.0,3780,1.033265495195427
113.0,107.0,3745,1.0398990861188315
113.0,108.0,3710,1.0465391040894225
113.0,109.0,3676,1.0531835387713584
113.0,110.0,3643,1.0598303828674647
113.0,111.0,3610,1.0664776340930995
113.0,112.0,3578,1.0731232970941615
113.0,113.0,3546,1.079765385308114
113.0,114.0,3515,1.0864019227671913
113.0,115.0,3484,1.0930309458432155
113.0,116.0,3454,1.0996505049337548
113.0,117.0,3425,1.106258666089489
113.0,118.0,3396,1.112853512582929
113.0,119.0,3367,1.1194331464187144
113.0,120.0,3339,1.1259956897859107
113.0,121.0,3312,1.1325392864528172
113.0,122.0,3284,1.1390621031048527
113.0,123.0,3258,1.1455623306262461
113.0,124.0,3231,1.152038185326211
113.0,125.0,3206,1.1584879101103862
113.0,126.0,3180,1.164909775598341
113.0,127.0,3155,1.1713020811879353
113.0,128.0,3130,1.1776631560673334
113.0,129.0,3106,1.183991360175488
113.0,130.0,3082,1.1902850851118718
113.0,131.0,3059,1.1965427549962202
113.0,132.0,3036,1.202762827279046
113.0,133.0,3013,1.208943793503639
113.0,134.0,2990,1.215084180020251
113.0,135.0,2968,1.2211825486531362
113.0,136.0,2946,1.2272374973211004
113.0,137.0,2925,1.233247660612158
113.0,138.0,2904,1.2392117103129219
113.0,139.0,2883,1.2451283558932749
113.0,140.0,2862,1.2509963449468988
113.0,141.0,2842,1.2568144635881942
113.0,142.0,2822,1.2625815368061244
113.0,143.0,2802,1.268296428775517
113.0,144.0,2783,1.273958043126315
113.0,145.0,2763,1.279565323171327
113.0,146.0,2744,1.2851172520929874
113.0,147.0,2726,1.290612853089637
113.0,148.0,2707,1.2960511894818987
113.0,149.0,2689,1.301431364779673
114.0,10.0,40076,0.6347017094400063
114.0,11.0,36432,0.6356118126684047
114.0,12.0,33396,0.6366062488972816
114.0,13.0,30827,0.6376844408086952
114.0,14.0,28625,0.6388457850531031
114.0,15.0,26717,0.6400896569101086
114.0,16.0,25047,0.6414154148895211
114.0,17.0,23574,0.6428224052223946
114.0,18.0,22264,0.64430996619877
114.0,19.0,21092,0.6458774323159304
114.0,20.0,20038,0.6475241382078193
114.0,21.0,19083,0.6492494223327242
114.0,22.0,18216,0.6510526304022137
114.0,23.0,17424,0.652933118539593
114.0,24.0,16698,0.6548902561607314
114.0,25.0,16030,0.6569234285740172
114.0,26.0,15413,0.6590320392994363
114.0,27.0,14842,0.661215512109354
114.0,28.0,14312,0.6634732927955839
114.0,29.0,13819,0.6658048506687968
114.0,30.0,13358,0.6682096797973084
114.0,31.0,12927,0.6706872999928892
114.0,32.0,12523,0.673237257551468
114.0,33.0,12144,0.6758591257565929
114.0,34.0,11787,0.6785525051532528
114.0,35.0,11450,0.6813170235992988
114.0,36.0,11132,0.684152336101156
114.0,37.0,10831,0.6870581244400259
114.0,38.0,10546,0.6900340965942522
114.0,39.0,10275,0.6930799859629301
114.0,40.0,10019,0.6961955503955883
114.0,41.0,9774,0.6993805710323611
114.0,42.0,9541,0.7026348509590014
114.0,43.0,9320,0.7059582136811058
114.0,44.0,9108,0.7093505014221864
114.0,45.0,8905,0.7128115732506126
114.0,46.0,8712,0.7163413030411147
114.0,47.0,8526,0.719939577277376
114.0,48.0,8349,0.7236062927032262
114.0,49.0,8178,0.7273413538311105
114.0,50.0,8015,0.7311446703178301
114.0,51.0,7858,0.7350161542189058
114.0,52.0,7706,0.7389557171343174
114.0,53.0,7561,0.7429632672598714
114.0,54.0,7421,0.7470387063597705
114.0,55.0,7286,0.7511819266772906
114.0,56.0,7156,0.7553928078016517
114.0,57.0,7030,0.7596712135101693
114.0,58.0,6909,0.7640169886055577
114.0,59.0,6792,0.7684299557688304
114.0,60.0,6679,0.7729099124486182
114.0,61.0,6569,0.7774566278076385
114.0,62.0,6463,0.7820698397470075
114.0,63.0,6361,0.7867492520284101
114.0,64.0,6261,0.7914945315135601
114.0,65.0,6165,0.79630530553921
114.0,66.0,6072,0.801181159444896
114.0,67.0,5981,0.8061216342690602
114.0,68.0,5893,0.8111262246276488
114.0,69.0,5808,0.8161943767875319
114.0,70.0,5725,0.821325486945223
114.0,71.0,5644,0.8265188997194959
114.0,72.0,5566,0.8317739068644981
114.0,73.0,5489,0.8370897462080036
114.0,74.0,5415,0.84246560081753
114.0,75.0,5343,0.8479005983951121
114.0,76.0,5273,0.8533938108997169
114.0,77.0,5204,0.8589442543945909
114.0,78.0,5137,0.8645508891151729
114.0,79.0,5072,0.8702126197517818
114.0,80.0,5009,0.875928295939901
114.0,81.0,4947,0.8816967129497313
114.0,82.0,4887,0.8875166125656346
114.0,83.0,4828,0.8933866841452089
114.0,84.0,4770,0.899305565847009
114.0,85.0,4714,0.9052718460153859
114.0,86.0,4660,0.9112840647104441
114.0,87.0,4606,0.9173407153708558
114.0,88.0,4554,0.9234402465971713
114.0,89.0,4502,0.9295810640431055
114.0,90.0,4452,0.9357615324025156
114.0,91.0,4403,0.9419799774798484
114.0,92.0,4356,0.9482346883322067
114.0,93.0,4309,0.9545239194714573
114.0,94.0,4263,0.960845893115286
114.0,95.0,4218,0.9671988014765724
114.0,96.0,4174,0.9735808090809568
114.0,97.0,4131,0.9799900551030956
114.0,98.0,4089,0.986424655712626
114.0,99.0,4048,0.9928827064215391
114.0,100.0,4007,0.9993622844252155
114.0,101.0,3967,1.0058614509300712
114.0,102.0,3929,1.012378253461304
114.0,103.0,3890,1.0189107281449408
114.0,104.0,3853,1.0254569019588515
114.0,105.0,3816,1.032014794948107
114.0,106.0,3780,1.0385824224005045
114.0,107.0,3745,1.0451577969786565
114.0,108.0,3710,1.051738930805549
114.0,109.0,3676,1.0583238375008874
114.0,110.0,3643,1.0649105341660314
114.0,111.0,3610,1.071497043315716
114.0,112.0,3578,1.0780813947550596
114.0,113.0,3546,1.0846616274008098
114.0,114.0,3515,1.091235791045957
114.0,115.0,3484,1.0978019480671906
114.0,116.0,3454,1.1043581750749145
114.0,117.0,3425,1.1109025645056791
114.0,118.0,3396,1.1174332261571565
114.0,119.0,3367,1.123948288665876
114.0,120.0,3339,1.130445900928107
114.0,121.0,3312,1.1369242334643614
114.0,122.0,3284,1.1433814797280795
114.0,123.0,3258,1.1498158573591564
114.0,124.0,3231,1.1562256093829857
114.0,125.0,3206,1.1626090053557459
114.0,126.0,3180,1.1689643424566907
114.0,127.0,3155,1.1752899465282216
114.0,128.0,3130,1.1815841730644727
114.0,129.0,3106,1.1878454081492247
114.0,130.0,3082,1.1940720693438562
114.0,131.0,3059,1.2002626065261162
114.0,132.0,3036,1.206415502680385
114.0,133.0,3013,1.2125292746401746
114.0,134.0,2990,1.2186024737835046
114.0,135.0,2968,1.2246336866818148
114.0,136.0,2946,1.2306215357030494
114.0,137.0,2925,1.2365646795694971
114.0,138.0,2904,1.2424618138709902
114.0,139.0,2883,1.2483116715340106
114.0,140.0,2862,1.2541130232472577
114.0,141.0,2842,1.2598646778442097
114.0,142.0,2822,1.2655654826432072
114.0,143.0,2802,1.2712143237455789
114.0,144.0,2783,1.2768101262923153
114.0,145.0,2763,1.2823518546798236
114.0,146.0,2744,1.287838512735274
114.0,147.0,2726,1.293269143852069
114.0,148.0,2707,1.2986428310859859
114.0,149.0,2689,1.303958697212536
115.0,10.0,40076,0.642195083682569
115.0,11.0,36432,0.6431011784714535
115.0,12.0,33396,0.6440912811661925
115.0,13.0,30827,0.6451648274646817
115.0,14.0,28625,0.6463212272466643
115.0,15.0,26717,0.6475598690742302
115.0,16.0,25047,0.6488801246398548
115.0,17.0,23574,0.6502813531132848
115.0,18.0,22264,0.6517629053452173
115.0,19.0,21092,0.6533241278923653
115.0,20.0,20038,0.6549643668350176
115.0,21.0,19083,0.6566829713642955
115.0,22.0,18216,0.6584792971219618
115.0,23.0,17424,0.6603527092806807
115.0,24.0,16698,0.6623025853570524
115.0,25.0,16030,0.6643283177535502
115.0,26.0,15413,0.6664293160286083
115.0,27.0,14842,0.6686050088967027
115.0,28.0,14312,0.6708548459622187
115.0,29.0,13819,0.6731782991924046
115.0,30.0,13358,0.6755748641357283
115.0,31.0,12927,0.6780440608926069
115.0,32.0,12523,0.6805854348457858
115.0,33.0,12144,0.6831985571576786
115.0,34.0,11787,0.6858830250418555
115.0,35.0,11450,0.6886384618155228
115.0,36.0,11132,0.6914645167394273
115.0,37.0,10831,0.6943608646511803
115.0,38.0,10546,0.697327205397571
115.0,39.0,10275,0.7003632630709096
115.0,40.0,10019,0.7034687850542789
115.0,41.0,9774,0.7066435408802014
115.0,42.0,9541,0.7098873209072424
115.0,43.0,9320,0.713199934819115
115.0,44.0,9108,0.7165812099511597
115.0,45.0,8905,0.7200309894494777
115.0,46.0,8712,0.7235491302686592
115.0,47.0,8526,0.7271355010148999
115.0,48.0,8349,0.7307899796422311
115.0,49.0,8178,0.7345124510107417
115.0,50.0,8015,0.7383028043169442
115.0,51.0,7858,0.7421609304076889
115.0,52.0,7706,0.7460867189904413
115.0,53.0,7561,0.7500800557540894
115.0,54.0,7421,0.7541408194157249
115.0,55.0,7286,0.7582688787100906
115.0,56.0,7156,0.762464089339461
115.0,57.0,7030,0.7667262909026819
115.0,58.0,6909,0.7710553038227559
115.0,59.0,6792,0.7754509262929108
115.0,60.0,6679,0.7799129312613683
115.0,61.0,6569,0.7844410634749155
115.0,62.0,6463,0.7890350366012934
115.0,63.0,6361,0.7936945304497157
115.0,64.0,6261,0.7984191883082291
115.0,65.0,6165,0.8032086144154671
115.0,66.0,6072,0.8080623715832634
115.0,67.0,5981,0.8129799789851028
115.0,68.0,5893,0.8179609101238406
115.0,69.0,5808,0.8230045909904369
115.0,70.0,5725,0.8281103984236224
115.0,71.0,5644,0.833277658678605
115.0,72.0,5566,0.8385056462109542
115.0,73.0,5489,0.8437935826799645
115.0,74.0,5415,0.8491406361738819
115.0,75.0,5343,0.8545459206575844
115.0,76.0,5273,0.8600084956415098
115.0,77.0,5204,0.8655273660690276
115.0,78.0,5137,0.8711014824178543
115.0,79.0,5072,0.8767297410097438
115.0,80.0,5009,0.8824109845213507
115.0,81.0,4947,0.8881440026880822
115.0,82.0,4887,0.8939275331917298
115.0,83.0,4828,0.8997602627218452
115.0,84.0,4770,0.9056408282001513
115.0,85.0,4714,0.9115678181567128
115.0,86.0,4660,0.9175397742462221
115.0,87.0,4606,0.923555192892448
115.0,88.0,4554,0.9296125270488375
115.0,89.0,4502,0.9357101880631172
115.0,90.0,4452,0.9418465476339755
115.0,91.0,4403,0.9480199398479592
115.0,92.0,4356,0.9542286632851055
115.0,93.0,4309,0.9604709831820816
115.0,94.0,4263,0.9667451336420914
115.0,95.0,4218,0.973049319881256
115.0,96.0,4174,0.9793817205016654
115.0,97.0,4131,0.9857404897818854
115.0,98.0,4089,0.9921237599762585
115.0,99.0,4048,0.9985296436149464
115.0,100.0,4007,1.004956235797228
115.0,101.0,3967,1.0114016164712232
115.0,102.0,3929,1.0178638526937602
115.0,103.0,3890,1.0243410008647569
115.0,104.0,3853,1.0308311089309745
115.0,105.0,3816,1.0373322185546519
115.0,106.0,3780,1.043842367242998
115.0,107.0,3745,1.050359590435034
115.0,108.0,3710,1.056881923542808
115.0,109.0,3676,1.0634074039443642
115.0,110.0,3643,1.0699340729263505
115.0,111.0,3610,1.0764599775744992
115.0,112.0,3578,1.0829831726105401
115.0,113.0,3546,1.0895017221745023
115.0,114.0,3515,1.0960137015515736
115.0,115.0,3484,1.1025171988429827
115.0,116.0,3454,1.1090103165806247
115.0,117.0,3425,1.115491173285297
115.0,118.0,3396,1.1219579049686133
115.0,119.0,3367,1.1284086665788537
115.0,120.0,3339,1.1348416333910527
115.0,121.0,3312,1.1412550023418186
115.0,122.0,3284,1.1476469933093822
115.0,123.0,3258,1.1540158503395308
115.0,124.0,3231,1.1603598428180284
115.0,125.0,3206,1.1666772665902627
115.0,126.0,3180,1.172966445028814
115.0,127.0,3155,1.179225730049685
115.0,128.0,3130,1.1854535030779239
115.0,129.0,3106,1.1916481759633764
115.0,130.0,3082,1.1978081918472985
115.0,131.0,3059,1.2039320259805237
115.0,132.0,3036,1.2100181864938961
115.0,133.0,3013,1.216065215121626
115.0,134.0,2990,1.2220716878782276
115.0,135.0,2968,1.2280362156896707
115.0,136.0,2946,1.2339574449793433
115.0,137.0,2925,1.2398340582094243
115.0,138.0,2904,1.245664774378227
115.0,139.0,2883,1.2514483494740731
115.0,140.0,2862,1.2571835768862256
115.0,141.0,2842,1.2628692877734204
115.0,142.0,2822,1.2685043513905028
115.0,143.0,2802,1.2740876753737005
115.0,144.0,2783,1.2796182059850187
115.0,145.0,2763,1.2850949283163235
115.0,146.0,2744,1.2905168664535671
115.0,147.0,2726,1.295883083601753
115.0,148.0,2707,1.301192682171141
115.0,149.0,2689,1.3064448038252636
116.0,10.0,40076,0.6496623807430429
116.0,11.0,36432,0.6505644031096832
116.0,12.0,33396,0.6515501002963614
116.0,13.0,30827,0.6526189206024017
116.0,14.0,28625,0.6537702867231142
116.0,15.0,26717,0.6550036000954185
116.0,16.0,25047,0.6563182451976746
116.0,17.0,23574,0.657713593756632
116.0,18.0,22264,0.6591890088206277
116.0,19.0,21092,0.660743848664453
116.0,20.0,20038,0.6623774704974403
116.0,21.0,19083,0.6640892339521567
116.0,22.0,18216,0.6658785043364379
116.0,23.0,17424,0.6677446556363789
116.0,24.0,16698,0.6696870732621288
116.0,25.0,16030,0.6717051565320313
116.0,26.0,15413,0.6737983208937178
116.0,27.0,14842,0.6759659998832626
116.0,28.0,14312,0.6782076468254921
116.0,29.0,13819,0.6805227362800347
116.0,30.0,13358,0.6829107652387431
116.0,31.0,12927,0.6853712540808378
116.0,32.0,12523,0.687903747292461
116.0,33.0,12144,0.6905078139574713
116.0,34.0,11787,0.6931830480262166
116.0,35.0,11450,0.695929068368798
116.0,36.0,11132,0.6987455186189805
116.0,37.0,10831,0.7016320668145617
116.0,38.0,10546,0.7045884048396603
116.0,39.0,10275,0.7076142476739299
116.0,40.0,10019,0.7107093324535968
116.0,41.0,9774,0.7138734173489426
116.0,42.0,9541,0.7171062802628735
116.0,43.0,9320,0.7204077173553362
116.0,44.0,9108,0.7237775413986628
116.0,45.0,8905,0.7272155799693624
116.0,46.0,8712,0.7307216734825138
116.0,47.0,8526,0.7342956730758016
116.0,48.0,8349,0.7379374383511085
116.0,49.0,8178,0.7416468349827098
116.0,50.0,8015,0.745423732202343
116.0,51.0,7858,0.7492680001726354
116.0,52.0,7706,0.7531795072616724
116.0,53.0,7561,0.7571581172328216
116.0,54.0,7421,0.7612036863651008
116.0,55.0,7286,0.7653160605205441
116.0,56.0,7156,0.7694950721760223
116.0,57.0,7030,0.7737405374378719
116.0,58.0,6909,0.7780522530582454
116.0,59.0,6792,0.7824299934726022
116.0,60.0,6679,0.7868735078779885
116.0,61.0,6569,0.7913825173715763
116.0,62.0,6463,0.7959567121688201
116.0,63.0,6361,0.8005957489198641
116.0,64.0,6261,0.8052992481422195
116.0,65.0,6165,0.8100667917865705
116.0,66.0,6072,0.8148979209514988
116.0,67.0,5981,0.8197921337614501
116.0,68.0,5893,0.8247488834207432
116.0,69.0,5808,0.8297675764547996
116.0,70.0,5725,0.8348475711479707
116.0,71.0,5644,0.8399881761855984
116.0,72.0,5566,0.8451886495060322
116.0,73.0,5489,0.8504481973665499
116.0,74.0,5415,0.8557659736252877
116.0,75.0,5343,0.8611410792395372
116.0,76.0,5273,0.8665725619790599
116.0,77.0,5204,0.8720594163515301
116.0,78.0,5137,0.8776005837356617
116.0,79.0,5072,0.8831949527162943
116.0,80.0,5009,0.8888413596144237
116.0,81.0,4947,0.8945385892041108
116.0,82.0,4887,0.9002853756072641
116.0,83.0,4828,0.9060804033564595
116.0,84.0,4770,0.9119223086153494
116.0,85.0,4714,0.9178096805456788
116.0,86.0,4660,0.9237410628095568
116.0,87.0,4606,0.9297149551953667
116.0,88.0,4554,0.9357298153556373
116.0,89.0,4502,0.9417840606450931
116.0,90.0,4452,0.9478760700472798
116.0,91.0,4403,0.954004186178287
116.0,92.0,4356,0.9601667173564354
116.0,93.0,4309,0.9663619397270277
116.0,94.0,4263,0.9725880994317823
116.0,95.0,4218,0.9788434148129682
116.0,96.0,4174,0.9851260786427454
116.0,97.0,4131,0.9914342603688145
116.0,98.0,4089,0.9977661083679608
116.0,99.0,4048,1.0041197521997214
116.0,100.0,4007,1.0104933048529308
116.0,101.0,3967,1.0168848649785318
116.0,102.0,3929,1.0232925191025728
116.0,103.0,3890,1.029714343813954
116.0,104.0,3853,1.0361484079219359
116.0,105.0,3816,1.0425927745790702
116.0,106.0,3780,1.0490455033656636
116.0,107.0,3745,1.0555046523323628
116.0,108.0,3710,1.061968279997991
116.0,109.0,3676,1.0684344473000937
116.0,110.0,3643,1.0749012194961372
116.0,111.0,3610,1.0813666680136456
116.0,112.0,3578,1.0878288722478873
116.0,113.0,3546,1.0942859213060596
116.0,114.0,3515,1.1007359156972074
116.0,115.0,3484,1.1071769689673006
116.0,116.0,3454,1.1136072092792164
116.0,117.0,3425,1.120024780937472
116.0,118.0,3396,1.1264278458577934
116.0,119.0,3367,1.1328145849816902
116.0,120.0,3339,1.1391831996364028
116.0,121.0,3312,1.1455319128406085
116.0,122.0,3284,1.1518589705564246
116.0,123.0,3258,1.1581626428882608
116.0,124.0,3231,1.1644412252291714
116.0,125.0,3206,1.170693039355336
116.0,126.0,3180,1.1769164344693883
116.0,127.0,3155,1.1831097881932637
116.0,128.0,3130,1.1892715075112947
116.0,129.0,3106,1.1954000296642335
116.0,130.0,3082,1.2014938229949237
116.0,131.0,3059,1.2075513877462731
116.0,132.0,3036,1.2135712568122223
116.0,133.0,3013,1.219551996442348
116.0,134.0,2990,1.2254922069007197
116.0,135.0,2968,1.2313905230796354
116.0,136.0,2946,1.2372456150688251
116.0,137.0,2925,1.243056188680685
116.0,138.0,2904,1.2488209859321069
116.0,139.0,2883,1.2545387854834433
116.0,140.0,2862,1.2602084030351388
116.0,141.0,2842,1.2658286916825345
116.0,142.0,2822,1.2713985422293903
116.0,143.0,2802,1.2769168834605982
116.0,144.0,2783,1.2823826823746338
116.0,145.0,2763,1.287794944376237
116.0,146.0,2744,1.2931527134298482
116.0,147.0,2726,1.2984550721743426
116.0,148.0,2707,1.3037011419996025
116.0,149.0,2689,1.30889008308547
117.0,10.0,40076,0.6571025691737229
117.0,11.0,36432,0.6580004566104699
117.0,12.0,33396,0.6589816779950993
117.0,13.0,30827,0.6600456938267177
117.0,14.0,28625,0.6611919392147622
117.0,15.0,26717,0.6624198280749671
117.0,16.0,25047,0.663728757285668
117.0,17.0,23574,0.6651181107589296
117.0,18.0,22264,0.6665872633867965
117.0,19.0,21092,0.6681355848289154
117.0,20.0,20038,0.6697624431135571
117.0,21.0,19083,0.6714672080296162
117.0,22.0,18216,0.6732492542922931
117.0,23.0,17424,0.6751079644697905
117.0,24.0,16698,0.6770427316625014
117.0,25.0,16030,0.679052961929671
117.0,26.0,15413,0.6811380764615587
117.0,27.0,14842,0.6832975134975402
117.0,28.0,14312,0.6855307299925927
117.0,29.0,13819,0.6878372030360679
117.0,30.0,13358,0.69021643102776
117.0,31.0,12927,0.692667934617015
117.0,32.0,12523,0.6951912574110412
117.0,33.0,12144,0.6977859664587596
117.0,34.0,11787,0.7004516525165421
117.0,35.0,11450,0.7031879301020038
117.0,36.0,11132,0.7059944373417578
117.0,37.0,10831,0.7088708356187605
117.0,38.0,10546,0.7118168090246042
117.0,39.0,10275,0.7148320636217086
117.0,40.0,10019,0.7179163265203655
117.0,41.0,9774,0.7210693447752984
117.0,42.0,9541,0.7242908841065433
117.0,43.0,9320,0.7275807274495526
117.0,44.0,9108,0.7309386733398099
117.0,45.0,8905,0.7343645341376676
117.0,46.0,8712,0.7378581340997914
117.0,47.0,8526,0.741419307304426
117.0,48.0,8349,0.7450478954385982
117.0,49.0,8178,0.7487437454564273
117.0,50.0,8015,0.7525067071189186
117.0,51.0,7858,0.7563366304267615
117.0,52.0,7706,0.7602333629588923
117.0,53.0,7561,0.7641967471308512
117.0,54.0,7421,0.7682266173880442
117.0,55.0,7286,0.7723227973501281
117.0,56.0,7156,0.7764850969236676
117.0,57.0,7030,0.7807133094010191
117.0,58.0,6909,0.7850072085639034
117.0,59.0,6792,0.7893665458105779
117.0,60.0,6679,0.7937910473256803
117.0,61.0,6569,0.798280411311615
117.0,62.0,6463,0.802834305300194
117.0,63.0,6361,0.8074523635625085
117.0,64.0,6261,0.8121341846343794
117.0,65.0,6165,0.8168793289735853
117.0,66.0,6072,0.8216873167639908
117.0,67.0,5981,0.8265576258802874
117.0,68.0,5893,0.8314896900255405
117.0,69.0,5808,0.8364828970521695
117.0,70.0,5725,0.8415365874752282
117.0,71.0,5644,0.8466500531851804
117.0,72.0,5566,0.8518225363654867
117.0,73.0,5489,0.8570532286186304
117.0,74.0,5415,0.8623412703024105
117.0,75.0,5343,0.8676857500766683
117.0,76.0,5273,0.8730857046589453
117.0,77.0,5204,0.8785401187861054
117.0,78.0,5137,0.8840479253774735
117.0,79.0,5072,0.8896080058937802
117.0,80.0,5009,0.8952191908850011
117.0,81.0,4947,0.9008802607191646
117.0,82.0,4887,0.9065899464832864
117.0,83.0,4828,0.9123469310468234
117.0,84.0,4770,0.9181498502774573
117.0,85.0,4714,0.9239972943984832
117.0,86.0,4660,0.9298878094767701
117.0,87.0,4606,0.9358198990299863
117.0,88.0,4554,0.9417920257417505
117.0,89.0,4502,0.9478026132732513
117.0,90.0,4452,0.9538500481600974
117.0,91.0,4403,0.959932681783249
117.0,92.0,4356,0.9660488324032357
117.0,93.0,4309,0.9721967872471161
117.0,94.0,4263,0.9783748046380978
117.0,95.0,4218,0.9845811161581696
117.0,96.0,4174,0.9908139288345411
117.0,97.0,4131,0.9970714273412866
117.0,98.0,4089,1.0033517762080422
117.0,99.0,4048,1.0096531220282332
117.0,100.0,4007,1.0159735956598341
117.0,101.0,3967,1.0223113144122489
117.0,102.0,3929,1.0286643842134373
117.0,103.0,3890,1.0350309017520263
117.0,104.0,3853,1.0414089565895688
117.0,105.0,3816,1.047796633238777
117.0,106.0,3780,1.0541920132039224
117.0,107.0,3745,1.060593176980146
117.0,108.0,3710,1.0669982060088576
117.0,109.0,3676,1.0734051845867834
117.0,110.0,3643,1.079812201726655
117.0,111.0,3610,1.0862173529678874
117.0,112.0,3578,1.092618742135863
117.0,113.0,3546,1.0990144830488457
117.0,114.0,3515,1.1054027011717174
117.0,115.0,3484,1.1117815352160227
117.0,116.0,3454,1.1181491386860316
117.0,117.0,3425,1.124503681370666
117.0,118.0,3396,1.130843350781371
117.0,119.0,3367,1.137166353536087
117.0,120.0,3339,1.143470916689629
117.0,121.0,3312,1.149755289010893
117.0,122.0,3284,1.15601774220734
117.0,123.0,3258,1.1622565720973341
117.0,124.0,3231,1.1684700997309034
117.0,125.0,3206,1.1746566724595622
117.0,126.0,3180,1.1808146649558608
117.0,127.0,3155,1.1869424801833135
117.0,128.0,3130,1.1930385503173795
117.0,129.0,3106,1.1991013376181916
117.0,130.0,3082,1.2051293352556773
117.0,131.0,3059,1.2111210680877378
117.0,132.0,3036,1.2170750933921275
117.0,133.0,3013,1.2229900015526671
117.0,134.0,2990,1.2288644167003862
117.0,135.0,2968,1.234696997310192
117.0,136.0,2946,1.2404864367536574
117.0,137.0,2925,1.246231463808448
117.0,138.0,2904,1.251930843124974
117.0,139.0,2883,1.257583375650766
117.0,140.0,2862,1.2631878990131236
117.0,141.0,2842,1.2687432878605174
117.0,142.0,2822,1.2742484541632988
117.0,143.0,2802,1.2797023474741707
117.0,144.0,2783,1.2851039551489776
117.0,145.0,2763,1.2904523025283041
117.0,146.0,2744,1.2957464530804115
117.0,147.0,2726,1.3009855085060247
117.0,148.0,2707,1.3061686088055646
117.0,149.0,2689,1.3112949323093277
118.0,10.0,40076,0.6645146427240153
118.0,11.0,36432,0.6654083342031806
118.0,12.0,33396,0.6663850111750015
118.0,13.0,30827,0.6674441459491581
118.0,14.0,28625,0.6685851856597966
118.0,15.0,26717,0.6698075563168806
118.0,16.0,25047,0.6711106668235245
118.0,17.0,23574,0.6724939129153179
118.0,18.0,22264,0.6739566809831095
118.0,19.0,21092,0.6754983517463077
118.0,20.0,20038,0.6771183037492373
118.0,21.0,19083,0.6788159166583562
118.0,22.0,18216,0.6805905743430251
118.0,23.0,17424,0.6824416677269708
118.0,24.0,16698,0.6843685974015479
118.0,25.0,16030,0.686370775995323
118.0,26.0,15413,0.6884476302974505
118.0,27.0,14842,0.6905986031346841
118.0,28.0,14312,0.6928231550038414
118.0,29.0,13819,0.6951207654630093
118.0,30.0,13358,0.69749093428591
118.0,31.0,12927,0.6999331823845977
118.0,32.0,12523,0.7024470525061539
118.0,33.0,12144,0.7050321097092594
118.0,34.0,11787,0.7076879416265979
118.0,35.0,11450,0.7104141585189664
118.0,36.0,11132,0.713210393126722
118.0,37.0,10831,0.7160763003240481
118.0,38.0,10546,0.7190115565812633
118.0,39.0,10275,0.7220158592401145
118.0,40.0,10019,0.7250889256069866
118.0,41.0,9774,0.7282304918688047
118.0,42.0,9541,0.7314403118365111
118.0,43.0,9320,0.7347181555211905
118.0,44.0,9108,0.7380638075482963
118.0,45.0,8905,0.7414770654158774
118.0,46.0,8712,0.7449577376033701
118.0,47.0,8526,0.7485056415383571
118.0,48.0,8349,0.7521206014295471
118.0,49.0,8178,0.7558024459752704
118.0,50.0,8015,0.7595510059579459
118.0,51.0,7858,0.7633661117360425
118.0,52.0,7706,0.7672475906462766
118.0,53.0,7561,0.7711952643299477
118.0,54.0,7421,0.7752089459983523
118.0,55.0,7286,0.7792884376532577
118.0,56.0,7156,0.7834335272792365
118.0,57.0,7030,0.7876439860254514
118.0,58.0,6909,0.7919195653948975
118.0,59.0,6792,0.7962599944594964
118.0,60.0,6679,0.8006649771195726
118.0,61.0,6569,0.8051341894259758
118.0,62.0,6463,0.8096672769829482
118.0,63.0,6361,0.814263852449073
118.0,64.0,6261,0.8189234931530011
118.0,65.0,6165,0.8236457388395124
118.0,66.0,6072,0.8284300895604173
118.0,67.0,5981,0.8332760037233912
118.0,68.0,5893,0.8381828963103759
118.0,69.0,5808,0.8431501372756437
118.0,70.0,5725,0.8481770501319137
118.0,71.0,5644,0.853262910731271
118.0,72.0,5566,0.8584069462458578
118.0,73.0,5489,0.8636083343516209
118.0,74.0,5415,0.8688662026167361
118.0,75.0,5343,0.8741796280946328
118.0,76.0,5273,0.8795476371200394
118.0,77.0,5204,0.8849692053049837
118.0,78.0,5137,0.890443257730294
118.0,79.0,5072,0.8959686693269515
118.0,80.0,5009,0.9015442654404421
118.0,81.0,4947,0.9071688225703486
118.0,82.0,4887,0.9128410692765032
118.0,83.0,4828,0.9185596872423257
118.0,84.0,4770,0.9243233124853725
118.0,85.0,4714,0.930130536704684
118.0,86.0,4660,0.9359799087541627
118.0,87.0,4606,0.9418699362309957
118.0,88.0,4554,0.9477990871681033
118.0,89.0,4502,0.9537657918194913
118.0,90.0,4452,0.9597684445275986
118.0,91.0,4403,0.9658054056618223
118.0,92.0,4356,0.9718750036177706
118.0,93.0,4309,0.9779755368669986
118.0,94.0,4263,0.9841052760474872
118.0,95.0,4218,0.9902624660855047
118.0,96.0,4174,0.9964453283399426
118.0,97.0,4131,1.002652062760796
118.0,98.0,4089,1.0088808500539028
118.0,99.0,4048,1.015129853844659
118.0,100.0,4007,1.0213972228339336
118.0,101.0,3967,1.0276810929399867
118.0,102.0,3929,1.0339795894207007
118.0,103.0,3890,1.0402908289710326
118.0,104.0,3853,1.0466129217910136
118.0,105.0,3816,1.0529439736202326
118.0,106.0,3780,1.0592820877351625
118.0,107.0,3745,1.0656253669061186
118.0,108.0,3710,1.071971915311155
118.0,109.0,3676,1.0783198404045173
118.0,110.0,3643,1.084667254737707
118.0,111.0,3610,1.0910122777315439
118.0,112.0,3578,1.0973530373978868
118.0,113.0,3546,1.1036876720100663
118.0,114.0,3515,1.1100143317212134
118.0,115.0,3484,1.1163311801300084
118.0,116.0,3454,1.1226363957935317
118.0,117.0,3425,1.1289281736870729
118.0,118.0,3396,1.1352047266109562
118.0,119.0,3367,1.141464286544514
118.0,120.0,3339,1.1477051059475274
118.0,121.0,3312,1.1539254590094792
118.0,122.0,3284,1.1601236428470785
118.0,123.0,3258,1.1662979786506005
118.0,124.0,3231,1.17244681277956
118.0,125.0,3206,1.178568517808362
118.0,126.0,3180,1.1846614935225235
118.0,127.0,3155,1.1907241678661207
118.0,128.0,3130,1.1967549978411074
118.0,129.0,3106,1.2027524703591306
118.0,130.0,3082,1.2087151030465155
118.0,131.0,3059,1.214641445003037
118.0,132.0,3036,1.2205300775150785
118.0,133.0,3013,1.2263796147238208
118.0,134.0,2990,1.2321887042490252
118.0,135.0,2968,1.2379560277689825
118.0,136.0,2946,1.2436803015572184
118.0,137.0,2925,1.2493602769764551
118.0,138.0,2904,1.2549947409304014
118.0,139.0,2883,1.260582516273876
118.0,140.0,2862,1.2661224621817684
118.0,141.0,2842,1.2716134744773715
118.0,142.0,2822,1.2770544859205566
118.0,143.0,2802,1.2824444664563346
118.0,144.0,2783,1.2877824234242683
118.0,145.0,2763,1.2930674017292838
118.0,146.0,2744,1.2982984839743914
118.0,147.0,2726,1.3034747905558295
118.0,148.0,2707,1.308595479721223
118.0,149.0,2689,1.3136597475912688
119.0,10.0,40076,0.6718976202769849
119.0,11.0,36432,0.6727870562551158
119.0,12.0,33396,0.6737591218892853
119.0,13.0,30827,0.6748133009226716
119.0,14.0,28625,0.675949052136468
119.0,15.0,26717,0.677165813261497
119.0,16.0,25047,0.6784630048610006
119.0,17.0,23574,0.6798400341420892
119.0,18.0,22264,0.6812962986584733
119.0,19.0,21092,0.6828311898723354
119.0,20.0,20038,0.6844440965484171
119.0,21.0,19083,0.6861344079583761
119.0,22.0,18216,0.6879015168781297
119.0,23.0,17424,0.6897448223651808
119.0,24.0,16698,0.6916637323067113
119.0,25.0,16030,0.6936576657325537
119.0,26.0,15413,0.6957260548900015
119.0,27.0,14842,0.6978683470797643
119.0,28.0,14312,0.700084006254296
119.0,29.0,13819,0.7023725143812161
119.0,30.0,13358,0.7047333725756862
119.0,31.0,12927,0.7071661020063873
119.0,32.0,12523,0.7096702445802738
119.0,33.0,12144,0.7122453634115766
119.0,34.0,11787,0.7148910430806255
119.0,35.0,11450,0.7176068896880728
119.0,36.0,11132,0.7203925307099128
119.0,37.0,10831,0.723247614658608
119.0,38.0,10546,0.7261718105554429
119.0,39.0,10275,0.7291648072189987
119.0,40.0,10019,0.7322263123747041
119.0,41.0,9774,0.7353560515902784
119.0,42.0,9541,0.7385537670420682
119.0,43.0,9320,0.7418192161174793
119.0,44.0,9108,0.7451521698591026
119.0,45.0,8905,0.7485524112566037
119.0,46.0,8712,0.7520197333931152
119.0,47.0,8526,0.7555539374536645
119.0,48.0,8349,0.7591548306040384
119.0,49.0,8178,0.7628222237494722
119.0,50.0,8015,0.7665559291836532
119.0,51.0,7858,0.7703557581395941
119.0,52.0,7706,0.7742215182550294
119.0,53.0,7561,0.7781530109661279
119.0,54.0,7421,0.7821500288442786
119.0,55.0,7286,0.7862123528916536
119.0,56.0,7156,0.7903397498120545
119.0,57.0,7030,0.7945319692742143
119.0,58.0,6909,0.7987887411851368
119.0,59.0,6792,0.8031097729913611
119.0,60.0,6679,0.8074947470261337
119.0,61.0,6569,0.8119433179201794
119.0,62.0,6463,0.8164551100935681
119.0,63.0,6361,0.8210297153453799
119.0,64.0,6261,0.825666690557259
119.0,65.0,6165,0.830365555525783
119.0,66.0,6072,0.8351257909375481
119.0,67.0,5981,0.8399468364994931
119.0,68.0,5893,0.8448280892355463
119.0,69.0,5808,0.8497689019591816
119.0,70.0,5725,0.8547685819298203
119.0,71.0,5644,0.8598263896994217
119.0,72.0,5566,0.8649415381538742
119.0,73.0,5489,0.8701131917521924
119.0,74.0,5415,0.8753404659648797
119.0,75.0,5343,0.8806224269112394
119.0,76.0,5273,0.885958091193907
119.0,77.0,5204,0.8913464259275011
119.0,78.0,5137,0.8967863489569272
119.0,79.0,5072,0.9022767292597196
119.0,80.0,5009,0.9078163875256957
119.0,81.0,4947,0.9134040969062698
119.0,82.0,4887,0.9190385839249414
119.0,83.0,4828,0.9247185295397973
119.0,84.0,4770,0.9304425703482829
119.0,85.0,4714,0.9362092999241163
119.0,86.0,4660,0.9420172702758378
119.0,87.0,4606,0.9478649934163439
119.0,88.0,4554,0.9537509430326716
119.0,89.0,4502,0.9596735562452595
119.0,90.0,4452,0.9656312354460669
119.0,91.0,4403,0.9716223502051102
119.0,92.0,4356,0.9776452392352187
119.0,93.0,4309,0.9836982124051481
119.0,94.0,4263,0.9897795527915667
119.0,95.0,4218,0.9958875187608757
119.0,96.0,4174,1.002020346072226
119.0,97.0,4131,1.0081762499936673
119.0,98.0,4089,1.0143534274238053
119.0,99.0,4048,1.020550059011907
119.0,100.0,4007,1.0267643112699014
119.0,101.0,3967,1.0329943386702847
119.0,102.0,3929,1.0392382857244042
119.0,103.0,3890,1.0454942890362187
119.0,104.0,3853,1.0517604793269832
119.0,105.0,3816,1.058034983426959
119.0,106.0,3780,1.0643159262305715
119.0,107.0,3745,1.070601432611961
119.0,108.0,3710,1.0768896292982828
119.0,109.0,3676,1.0831786466984377
119.0,110.0,3643,1.0894666206853802
119.0,111.0,3610,1.0957516943303935
119.0,112.0,3578,1.1020320195880677
119.0,113.0,3546,1.1083057589310101
119.0,114.0,3515,1.114571086933543
119.0,115.0,3484,1.1208261918038598
119.0,116.0,3454,1.1270692768643715
119.0,117.0,3425,1.1332985619800555
119.0,118.0,3396,1.1395122849348782
119.0,119.0,3367,1.1457087027563886
119.0,120.0,3339,1.15188609298879
119.0,121.0,3312,1.1580427549148113
119.0,122.0,3284,1.164177010726808
119.0,123.0,3258,1.1702872066476104
119.0,124.0,3231,1.1763717140016152
119.0,125.0,3206,1.1824289302367164
119.0,126.0,3180,1.188457279897673
119.0,127.0,3155,1.1944552155515074
119.0,128.0,3130,1.2004212186655627
119.0,129.0,3106,1.2063538004388412
119.0,130.0,3082,1.2122515025872327
119.0,131.0,3059,1.2181128980832399
119.0,132.0,3036,1.2239365918508176
119.0,133.0,3013,1.2297212214158744
119.0,134.0,2990,1.235465457513053
119.0,135.0,2968,1.241168004649308
119.0,136.0,2946,1.246827601624849
119.0,137.0,2925,1.2524430220119809
119.0,138.0,2904,1.258013074592346
119.0,139.0,2883,1.2635366037531026
119.0,140.0,2862,1.2690124898425323
119.0,141.0,2842,1.2744396494855814
119.0,142.0,2822,1.279817035859835
119.0,143.0,2802,1.28514363893244
119.0,144.0,2783,1.2904184856584437
119.0,145.0,2763,1.295640640141114
119.0,146.0,2744,1.3008092037547219
119.0,147.0,2726,1.3059233152303245
119.0,148.0,2707,1.310982150705128
119.0,149.0,2689,1.3159849237359518
120.0,10.0,40076,0.679250545771986
120.0,11.0,36432,0.6801356681935129
120.0,12.0,33396,0.681103057253168
120.0,13.0,30827,0.6821522077623893
120.0,14.0,28625,0.6832825897832462
120.0,15.0,26717,0.6844936524050459
120.0,16.0,25047,0.6857848274968825
120.0,17.0,23574,0.6871555333950478
120.0,18.0,22264,0.6886051784890537
120.0,19.0,21092,0.6901331646749437
120.0,20.0,20038,0.6917388906494926
120.0,21.0,19083,0.6934217550236345
120.0,22.0,18216,0.6951811592379027
120.0,23.0,17424,0.6970165102667598
120.0,24.0,16698,0.6989272231023331
120.0,25.0,16030,0.7009127230113034
120.0,26.0,15413,0.7029724475614452
120.0,27.0,14842,0.7051058484166232
120.0,28.0,14312,0.7073123929009405
120.0,29.0,13819,0.7095915653342312
120.0,30.0,13358,0.7119428681422219
120.0,31.0,12927,0.7143658227455305
120.0,32.0,12523,0.7168599702322213
120.0,33.0,12144,0.719424871818981
120.0,34.0,11787,0.7220601091061452
120.0,35.0,11450,0.7247652841318634
120.0,36.0,11132,0.7275400192305822
120.0,37.0,10831,0.7303839567009802
120.0,38.0,10546,0.7332967582883879
120.0,39.0,10275,0.7362781044865246
120.0,40.0,10019,0.7393276936635215
120.0,41.0,9774,0.7424452410170959
120.0,42.0,9541,0.7456304773639691
120.0,43.0,9320,0.7488831477688342
120.0,44.0,9108,0.7522030100186269
120.0,45.0,8905,0.7555898329483053
120.0,46.0,8712,0.7590433946250132
120.0,47.0,8526,0.7625634803983099
120.0,48.0,8349,0.7661498808249578
120.0,49.0,8178,0.769802389477734
120.0,50.0,8015,0.7735208006488016
120.0,51.0,7858,0.7773049069591553
120.0,52.0,7706,0.7811544968867372
120.0,53.0,7561,0.7850693522268763
120.0,54.0,7421,0.7890492454996094
120.0,55.0,7286,0.7930939373193155
120.0,56.0,7156,0.7972031737428634
120.0,57.0,7030,0.8013766836130343
120.0,58.0,6909,0.8056141759143768
120.0,59.0,6792,0.8099153371588836
120.0,60.0,6679,0.8142798288189373
120.0,61.0,6569,0.8187072848246635
120.0,62.0,6463,0.823197309142587
120.0,63.0,6361,0.8277494734517034
120.0,64.0,6261,0.8323633149324488
120.0,65.0,6165,0.8370383341829044
120.0,66.0,6072,0.8417739932755398
120.0,67.0,5981,0.8465697139664884
120.0,68.0,5893,0.8514248760678957
120.0,69.0,5808,0.8563388159924491
120.0,70.0,5725,0.8613108254775989
120.0,71.0,5644,0.8663401504954178
120.0,72.0,5566,0.8714259903523802
120.0,73.0,5489,0.8765674969817916
120.0,74.0,5415,0.881763774430009
120.0,75.0,5343,0.8870138785360697
120.0,76.0,5273,0.8923168168029094
120.0,77.0,5204,0.8976715484569924
120.0,78.0,5137,0.9030769846919203
120.0,79.0,5072,0.9085319890904354
120.0,80.0,5009,0.9140353782181969
120.0,81.0,4947,0.9195859223818174
120.0,82.0,4887,0.92518234654286
120.0,83.0,4828,0.9308233313788191
120.0,84.0,4770,0.9365075144816184
120.0,85.0,4714,0.9422334916837133
120.0,86.0,4660,0.9479998185016227
120.0,87.0,4606,0.9538050116864862
120.0,88.0,4554,0.9596475508712604
120.0,89.0,4502,0.9655258803040553
120.0,90.0,4452,0.9714384106573443
120.0,91.0,4403,0.9773835209028853
120.0,92.0,4356,0.9833595602425016
120.0,93.0,4309,0.9893648500851353
120.0,94.0,4263,0.9953976860609975
120.0,95.0,4218,1.0014563400640684
120.0,96.0,4174,1.007539062314568
120.0,97.0,4131,1.0136440834335931
120.0,98.0,4089,1.0197696165225516
120.0,99.0,4048,1.0259138592405508
120.0,100.0,4007,1.0320749958733912
120.0,101.0,3967,1.038251199388382
120.0,102.0,3929,1.044440633469622
120.0,103.0,3890,1.050641454528997
120.0,104.0,3853,1.0568518136885001
120.0,105.0,3816,1.0630698587300766
120.0,106.0,3780,1.0692937360095536
120.0,107.0,3745,1.0755215923316737
120.0,108.0,3710,1.081751576783676
120.0,109.0,3676,1.0879818425251921
120.0,110.0,3643,1.0942105485326108
120.0,111.0,3610,1.1004358612964058
120.0,112.0,3578,1.1066559564701384
120.0,113.0,3546,1.1128690204702334
120.0,114.0,3515,1.1190732520257565
120.0,115.0,3484,1.125266863677703
120.0,116.0,3454,1.1314480832275111
120.0,117.0,3425,1.1376151551346065
120.0,118.0,3396,1.1437663418630433
120.0,119.0,3367,1.1498999251773239
120.0,120.0,3339,1.1560142073876685
120.0,121.0,3312,1.1621075125450557
120.0,122.0,3284,1.1681781875864337
120.0,123.0,3258,1.1742246034305708
120.0,124.0,3231,1.1802451560250529
120.0,125.0,3206,1.1862382673449672
120.0,126.0,3180,1.192202386343851
120.0,127.0,3155,1.1981359898574702
120.0,128.0,3130,1.204037583461048
120.0,129.0,3106,1.2099057022804978
120.0,130.0,3082,1.2157389117583006
120.0,131.0,3059,1.2215358083745653
120.0,132.0,3036,1.2272950203238888
120.0,133.0,3013,1.2330152081485501
120.0,134.0,2990,1.2386950653286204
120.0,135.0,2968,1.2443333188294996
120.0,136.0,2946,1.2499287296074533
120.0,137.0,2925,1.2554800930736252
120.0,138.0,2904,1.2609862395170697
120.0,139.0,2883,1.2664460344872936
120.0,140.0,2862,1.2718583791368117
120.0,141.0,2842,1.277222210524209
120.0,142.0,2822,1.2825365018782044
120.0,143.0,2802,1.2878002628232226
120.0,144.0,2783,1.2930125395669716
120.0,145.0,2763,1.29817241505053
120.0,146.0,2744,1.303279009061489
120.0,147.0,2726,1.3083314783106446
120.0,148.0,2707,1.313329016472839
120.0,149.0,2689,1.3182708541924633
